N,k,epsilon,p,q
40000,100,3,0.16866478870682006,0.008397325366597777
