N,k,epsilon,p,q
40000,100,3,0.9525741268224333,0.04742587317756678
